{
  "algorithms_tested": 5,
  "test_queries": 5,
  "performance_metrics": {
    "query_1": {
      "quantum_inspired": {
        "time_ms": 120.09309138078477,
        "confidence": 0.8739064581106822
      },
      "neural_network": {
        "time_ms": 167.27117395143412,
        "confidence": 0.6751897051539383
      },
      "graph_based": {
        "time_ms": 175.040468090532,
        "confidence": 0.842317322383865
      },
      "reinforcement_learning": {
        "time_ms": 365.20398240421264,
        "confidence": 0.7214332188893329
      },
      "meta_learning": {
        "time_ms": 462.49460458770085,
        "confidence": 0.878035641666572
      }
    },
    "query_2": {
      "quantum_inspired": {
        "time_ms": 150.26228278954306,
        "confidence": 0.9368281592766181
      },
      "neural_network": {
        "time_ms": 143.51375358796224,
        "confidence": 0.6665547651705743
      },
      "graph_based": {
        "time_ms": 246.25465115230034,
        "confidence": 0.8030272784751004
      },
      "reinforcement_learning": {
        "time_ms": 239.15092483223975,
        "confidence": 0.5363969229306162
      },
      "meta_learning": {
        "time_ms": 400.44252744866253,
        "confidence": 0.8893323406615925
      }
    },
    "query_3": {
      "quantum_inspired": {
        "time_ms": 73.38127731013302,
        "confidence": 0.8572804486516683
      },
      "neural_network": {
        "time_ms": 191.05371209655863,
        "confidence": 0.6515254214052184
      },
      "graph_based": {
        "time_ms": 113.12314013892421,
        "confidence": 0.7448216428394261
      },
      "reinforcement_learning": {
        "time_ms": 294.2158421073219,
        "confidence": 0.6647364057776941
      },
      "meta_learning": {
        "time_ms": 443.1793388367514,
        "confidence": 0.9159663208157146
      }
    },
    "query_4": {
      "quantum_inspired": {
        "time_ms": 141.60493030553027,
        "confidence": 0.756962216368914
      },
      "neural_network": {
        "time_ms": 251.52397415460672,
        "confidence": 0.6885841485662657
      },
      "graph_based": {
        "time_ms": 150.69124874434237,
        "confidence": 0.74957897680006
      },
      "reinforcement_learning": {
        "time_ms": 391.19971605830415,
        "confidence": 0.5053820126837233
      },
      "meta_learning": {
        "time_ms": 413.7209185127375,
        "confidence": 0.8462730775049149
      }
    },
    "query_5": {
      "quantum_inspired": {
        "time_ms": 98.27205820721144,
        "confidence": 0.8326895052500618
      },
      "neural_network": {
        "time_ms": 107.05488412152069,
        "confidence": 0.8943486044166837
      },
      "graph_based": {
        "time_ms": 166.78089987234722,
        "confidence": 0.7684477354345484
      },
      "reinforcement_learning": {
        "time_ms": 381.89475355043334,
        "confidence": 0.6930454649816864
      },
      "meta_learning": {
        "time_ms": 348.8689924758716,
        "confidence": 0.8326164891504491
      }
    }
  },
  "success_rate": 100,
  "novel_contributions": [
    "Quantum-Inspired Superposition for Query Optimization",
    "Neural Network Architecture for NL2SQL",
    "Graph-Based Schema Matching",
    "Reinforcement Learning Q-Table Optimization",
    "Meta-Learning Context Adaptation"
  ]
}